{"cameraMode":{"drawMode":0,"name":"Shaded","section":"Shading Mode"},"sceneLighting":true,"audioPlay":false,"sceneViewState":{"showFog":true,"showMaterialUpdate":false,"showSkybox":true,"showFlares":true,"showImageEffects":true,"showParticleSystems":true},"in2DMode":false,"pivot":{"x":9.40999984741211,"y":1.4500000476837159,"z":-0.11999988555908203},"rotation":{"x":-0.1669165939092636,"y":0.3181217312812805,"z":-0.05700475722551346,"w":-0.9314976930618286},"size":18.663148880004884,"orthographic":false}